_id,recipient,message,song_id,song_name,song_artist,song_image,created_at
684d71c117e1fe68eff6ca81,zafira,semangat ya zafirrr,1RMJOxR6GRPsBHL8qeC2ux,Best Part (feat. H.E.R.),"Daniel Caesar, H.E.R.",https://i.scdn.co/image/ab67616d0000b2733138f891f3075c9c5d944037,2025-06-14T12:57:37.96404665Z
684a976317e1fe68eff645f8,zafira,imy so bad pia,4XHijJfABTtUCW3Bp6KFvr,Tarot,.Feast,https://i.scdn.co/image/ab67616d0000b273c800b90e2092a5328f699117,2025-06-12T09:01:23.93471929Z
684a855017e1fe68eff64248,zafira,"jijik anj, gsh sok baik gtu deh. sifat lo noh busuk, najis tau g",1GCbc1vpkZA2zhjsSFhmHT,Fuck You,Lily Allen,https://i.scdn.co/image/ab67616d0000b2737124b6bf785117033d003590,2025-06-12T07:44:16.883795205Z
6849869d17e1fe68eff6155b,zafira,"zafira/zafirah, udah nyakitinnya? ternyata lo orgnya haus validasi dan cuman ngemanfaatin jabatan lo doang? wkwkwk 
-N",1GCbc1vpkZA2zhjsSFhmHT,Fuck You,Lily Allen,https://i.scdn.co/image/ab67616d0000b2737124b6bf785117033d003590,2025-06-11T13:37:33.493796157Z
683aa8151fc54584f66f8fb4,zafira,"haloo zafira/fira/zafirah yang tingginya 155cm, yang suka kopi, i always remember everything about you zaf, maaf ya udah nyimpen perasaan ini, gue gak berani ngomong langsung, so i hope u read this, jujur, mulai dari caramu bicara, gerak gerikmu, tingkah lakumu, semuanya indah zaf, gue jatuh cinta sama itu semua, kamu mungkin gak akan pernah tau ini siapa, jangan sering-sering nangis ya, adik manis",1fDFHXcykq4iw8Gg7s5hG9,About You,The 1975,https://i.scdn.co/image/ab67616d0000b2731f44db452a68e229650a302c,2025-05-31T06:56:21.791522212Z
683aa08f1fc54584f66f8aeb,zafira,"haii zaf i just wanna let you know that i like you but idk, i think u already know abt that plz gimmie answer i just wanna let you know that first time i see you you look like angel falling from the sky soooo beutifull like whatttttt and u have good heart and also good personality sorry for saying this hehe ya cuma jadi mimpi di like balik",2UgCs0i0rNHUH2jKE5NZHE,Sempurna,Andra & The Backbone,https://i.scdn.co/image/ab67616d0000b2730df7dec70511dd4f2e69dc34,2025-05-31T06:24:15.14854379Z
68399f461fc54584f66f0431,zafira,"I really admire you, maybe for now I have no intention of being in a relationship just feel amazed and don't feel appropriate, for now I am focusing on college education maybe if we are still close in the next three years I hope we can be together. hopefully god destines us together. god bless you",4UwqOWDpdeIDVQDuKT6iza,You Are In Love (Taylor's Version),Taylor Swift,https://i.scdn.co/image/ab67616d0000b273904445d70d04eb24d6bb79ac,2025-05-30T12:06:30.869981977Z
683924a31fc54584f66ed26d,zafira,"halo zaf, disini aku mau ngucapin makasih banyak atas 3 tahunya, di saat aku sedih atau pun seneng.aku selalu ketawa bahagia,kalo sama kamu.aku ngerasa cocok banget temenan sama kamu karena sefekuensi pokoknya seru deh.... 
makasih juga selalu ngasih apa yang kamu punya tanpa ragu, dan maaf juga kalo ada ucapan dan kelakuan ku, yang bikin kamu sakit hati maaf yaa 
aku do'a in kamu sukses dunia dan akhirat aminn",6WUqv9T3RPTHHNKw0zVJuM,Sahabat Sejati,Sheila On 7,https://i.scdn.co/image/ab67616d0000b273e8d4f0596d66ccbe5241918d,2025-05-30T03:23:15.982486899Z
682712a61fc54584f66c460e,zafira,"Baby, if you saw this always remember that I love you so much with all my heart. And thank you so much for everything baby. Sorry if sometimes I cant treat you the way you want to be treated, Im trying my best to become better baby.",1lORkxEMmsCZqhoxcmk3A3,Nothing,Bruno Major,https://i.scdn.co/image/ab67616d0000b273e321a69d7454d9365c667187,2025-05-16T10:25:42.897113962Z
682710b11fc54584f66c45a4,zafira,HAIII BABYYYY ALWAYS REMEMBER THAT I LOVE YOUU SOO MUCHH MKAAYYY ,1lORkxEMmsCZqhoxcmk3A3,Nothing,Bruno Major,https://i.scdn.co/image/ab67616d0000b273e321a69d7454d9365c667187,2025-05-16T10:17:21.74912273Z
680f7d7f1fc54584f668243b,zafira,"zapppppppp, please jgan asing yeeee. . maaf sering gak pernah nyapa dsekolah soalmya gengsii , kamu tau kok aku siyapa, always being may fren games . i love you, oh ya ini kali ke 2au kirim send song heheeee. .",0bht8SpPHXiUMApKcua4Mz,Take Care,NIKI,https://i.scdn.co/image/ab67616d0000b2734d3d3963c551df56736050f1,2025-04-28T13:07:11.917627853Z
680cef8e1fc54584f667bc33,zafira,"i miss u first, kk 10L üë®üèª‚Äçüîß",7xoUc6faLbCqZO6fQEYprd,One Last Time,Ariana Grande,https://i.scdn.co/image/ab67616d0000b273deec12a28d1e336c5052e9aa,2025-04-26T14:37:02.556283473Z
680a33eb1fc54584f6672897,zafira,"zappp, maaf ya. . kalo selama  ini aku bikin salah sama kamu, dan maaf kalo aku ga pernanh nyapa lagi padahal kepengen bet walaupun kadg ya.. kamu gk peduli sih, karna aku gakmau ganggu kamu lagi disekola, aku ngerasa kamu ngehindar dari aku dan klo ketemu kamu rasanya gk bisa aja natep kamu hahs sku masih keinget kl kamu bkal ngejindar  dr aku . .,maaf ya aku pgen kita kaya dulu lagi tpi kalo gamau yaudah. . kalo kamu liat ini pasti tau siapa aku !! jangan asing ya zappp . . i love you",2U3jOPfO4wZZFaaWS4Dcj6,stranger,Olivia Rodrigo,https://i.scdn.co/image/ab67616d0000b2734063d624ebf8ff67bc3701ee,2025-04-24T12:51:55.846805017Z
680927f71fc54584f666d1cc,zafira,Just so you know i would wait for you even if it means my whole lifetime.,0bdFYK7peWdZL7WBvMMElv,Lia,Zild,https://i.scdn.co/image/ab67616d0000b273a73b4813bd43b42cf6eef99e,2025-04-23T17:48:39.295454575Z
680927631fc54584f666d198,zafira,Hi its me Kevin is you didn't forgot me i would like to say that I still like you even more but i just want o text you cause i felt like you're not interested in having me as your freiends either I don't know if you will ever see this but i hope you does cause every night it feels like you're haunting me.,4cBm8rv2B5BJWU2pDaHVbF,Multo,Cup of Joe,https://i.scdn.co/image/ab67616d0000b273394048503e3be0e65e962638,2025-04-23T17:46:11.221018962Z
680925111fc54584f666d0c2,zafira,I still like you but i fell like your not interested on having me as your friend,0bdFYK7peWdZL7WBvMMElv,Lia,Zild,https://i.scdn.co/image/ab67616d0000b273a73b4813bd43b42cf6eef99e,2025-04-23T17:36:17.325045303Z
6808d2631fc54584f666ad88,zafira,"Kangennn, kangen banget sm km. Km ga kangen aku ya??",7uDUb37h7Xdhza1eWMkoJv,Friends,Chase Atlantic,https://i.scdn.co/image/ab67616d0000b273efa7fe6f9ecee8ba9c877b60,2025-04-23T11:43:31.793375614Z
67f9d39a1fc54584f6640856,zafira,"Hey sayang terimakasih kamu ada dihidupku hingga sekarang, happy 1 year anniversarry ü§óüòò‚ú®üíñ

Semoga km semakin sehat, semakin lacar rezekinya, semakin sayang sm aku, semakin sehat hubungan kita, semakin cerah masa depan kita.

Here, Aku kirim km lagu yang bikin aku makin sayang, semoga kamu suka ya sayangkuuu. I love u my girl love you soooo muchhh!!!!! üòòüòòüòòüòòü§óüíñ",4jS2jYLMO71ZsIvtBxASXg,The Way You Look At Me,"Nyoman Paul, Andi Rianto",https://i.scdn.co/image/ab67616d0000b273cc53a21a95f0906eaea0772a,2025-04-12T02:44:42.881194964Z
67e2e14f1fc54584f6608a10,zafira,Hallo.. Gimana kabarnya,4E8rZD1xKIbof0vUkyHJLn,"Here, There And Everywhere - 2022 Mix",The Beatles,https://i.scdn.co/image/ab67616d0000b2734a4c7445df9b3719a60eb53b,2025-03-25T17:01:03.525794273Z
67d5c5081fc54584f65eb7b9,zafira,I HOPE YOU FIND SOMONE NA PASOK SA STANDARDS MO YK NA AND ALSO PAG NAG MMEET TAYO SA SCHOOL JUST LIKE BEFORE FEEL FREE TO DO ANYTHING WE'RE FRIENDS NAMAN NA DIBA SO BYEE,3rWDp9tBPQR9z6U5YyRSK4,Midnight Rain,Taylor Swift,https://i.scdn.co/image/ab67616d0000b273bb54dde68cd23e2a268ae0f5,2025-03-15T18:20:56.72204457Z
67d051561fc54584f65deba5,zafira,let's be friends forever,0fTfyV8hSpqPHbOXqZsL6K,Forever Young,Alphaville,https://i.scdn.co/image/ab67616d0000b273aa36855383a263b4e21bda10,2025-03-11T15:05:58.515605093Z
67c05b6f1fc54584f65b4c08,zafira,"YOU LEFT FOR THE BETTER, AND I HATE THAT I'M NOT THE BETTER :( -z/m fake name, it's been 5 years, and I am still not your better. ",3WSOUb3U7tqURbBSgZTrZX,Casual,Chappell Roan,https://i.scdn.co/image/ab67616d0000b27396fa88fb1789be437d5cb4b6,2025-02-27T12:32:47.902003317Z
67bfc7bd1fc54584f65b369f,zafira,semangat ya firr ,5VBjyOQzqlPNgdRPMM6prF,seasons,wave to earth,https://i.scdn.co/image/ab67616d0000b2733f203b8d0d8e54fab416a825,2025-02-27T02:02:37.913177575Z
67bb32221fc54584f65a85fa,zafira,"Gue belok jap,dan gue suka sm lu",0IktbUcnAGrvD03AWnz3Q8,Lucky,"Jason Mraz, Colbie Caillat",https://i.scdn.co/image/ab67616d0000b273125b1a330b6f6100ab19dbed,2025-02-23T14:35:14.055430343Z
67b4a1a01fc54584f6594e76,zafira,"gua rean gua pengen mantau lu tiap hari, tiap detik, tiap menit, tiap jam",02XnQdf7sipaKBBHixz3Zp,Paparazzi,Lady Gaga,https://i.scdn.co/image/ab67616d0000b273e691217483df8798445c82e2,2025-02-18T15:05:04.991289492Z
67b19c3f1fc54584f658c0ee,zafira,I like ur eyes and ur smile,1fOkmYW3ZFkkjIdOZSf596,Pink Matter,"Frank Ocean, Andr√© 3000",https://i.scdn.co/image/ab67616d0000b2737aede4855f6d0d738012e2e5,2025-02-16T08:05:19.983945973Z
67b035cb1fc54584f6587add,zafira,"You know who I am. Looking back, I felt foolish for how I presented myself to you, and for that, I am truly sorry. A part of me still holds onto those feelings, but I‚Äôve chosen to keep them buried. Wherever life has taken you, I hope you find all the happiness you deserve.  

Haunted by the past,  
M",1Ztka7fCyxUv46FW1mZH9T,December (again) [feat. Mark Hoppus],Neck Deep,https://i.scdn.co/image/ab67616d0000b273e70bc643bf8fa257f341a4ed,2025-02-15T06:35:55.936912918Z
6798e32b1fc54584f653e997,zafira,"zaff, i miss u so bad
aku ada salah ya?maaf... tapi tolong jangan jadi asing kaya gini :(, aku udah nganggep kamu lebih dari sekedar temen, aku masih butuh kamu buat bikin aku ketawa di sekolah. Semoga kamu tau siapa aku yaa",4pvb0WLRcMtbPGmtejJJ6y,exile (feat. Bon Iver),"Taylor Swift, Bon Iver",https://i.scdn.co/image/ab67616d0000b27395f754318336a07e85ec59bc,2025-01-28T14:01:15.306060546Z
6795cb8f961e09ce9fbf85c6,zafira,"hai, kira kira lu lgi ngapain ya skrg ? ",2U3jOPfO4wZZFaaWS4Dcj6,stranger,Olivia Rodrigo,https://i.scdn.co/image/ab67616d0000b2734063d624ebf8ff67bc3701ee,2025-01-26T05:43:43.667648764Z
6795a873961e09ce9fbf7e76,zafira,"aloo, gimana kabar nya? aku mau bilang makasii karna kamu uda ngucapin aku ultah, ya walaupun aku udah tau kamu bakal ucapin, tapi aku terima kasiii bangetttt sama kamu karna uda ngucapin, dan aku minta maap karna aku ga bisa nepatin janji aku, yang waktu itu aku bilang ke kamu kalo kita bakal buat api di tiktok sampe 100, tapi ternyata gabisa, aku tiba tiba ngilang gitu, aku minta maaf yaa, maaf bangettt, nanti aku bakal chat kamu kokk tapi ntah kapan itu hehe mungkin nunggu waktu yang pas, dan terakhir.. semangattt eskul paskib nyaa piraaaa dan sehat selaluuu. -maFiA eüòéüòà",4RVwu0g32PAqgUiJoXsdF8,Happier Than Ever,Billie Eilish,https://i.scdn.co/image/ab67616d0000b2732a038d3bf875d23e4aeaa84e,2025-01-26T03:13:55.618225387Z
677b9ede09bdcecd729c6cc8,zafira,hbd yang ke 25 ya zaa,5GSkkWqi0n44Ebha5sAqOO,Happy Birthday,The Click Five,https://i.scdn.co/image/ab67616d0000b27388868e66ae0f54ee25c73499,2025-01-06T09:14:06.33897263Z
676ea7a748d1613d5f2f6d99,zafira,"Wohallowwwww
Ik klo akhir"" Ini mba zaperr kesel ama akuu
Aku juga salah jarang dm jarang ngobrol
Sampe mba zaperr cerita "" Ke mba ais trus buat note ig it's okeyy wajar sihh
Aku disini cuma mau minta maaf 
Klo aku emang udah berubah maybe? 
Tapi aku bukan ga bermaksud untuk bikin mba zaperr kaya ginii
Aku cuma lagi capekkk
Capekkk idupp browww
Yk klo capekk paling capekkkk ++++
Pake saos bon cabe
Wkwkwk
Cabe bukan saoss
Hehe
Udah lahhhh inti nyaaa I minta maaafff
And mau trimakasih udah mau temenin aku sampe sejauh iniiiii 
Saranghae zaperr unnie ‚ô°",1RMJOxR6GRPsBHL8qeC2ux,Best Part (feat. H.E.R.),"Daniel Caesar, H.E.R.",https://i.scdn.co/image/ab67616d0000b2733138f891f3075c9c5d944037,2024-12-27T20:12:07.391885491+07:00
675163e648d1613d5f26a834,zafira,"Heii zaffüëã
Kita udh ga dekat lagi yaa?? 
Waktu dulu kita dkt knp sekarang gk‚ùìmungkin semua teman itu ada batas nya ya.. Aku cmn nyampai kan semoga kamu sama teman kamu yg baru bahagiaa ya dari pada akuu babayyyüëãüëãüëã",1ENzByqbVWPXw5QwpGPVZu,Tumblr Girls,1-800-lonely,https://i.scdn.co/image/ab67616d0000b27394f0f3e8cef0e313b64a7d42,2024-12-05T15:27:18.81711273+07:00
674aefad48d1613d5f238dc0,zafira,I love you zafira aisy k,6SKwQghsR8AISlxhcwyA9R,Marry You,Bruno Mars,https://i.scdn.co/image/ab67616d0000b273f60070dce96a2c1b70cf6ff0,2024-11-30T17:57:49.85774443+07:00
673f0eb148d1613d5f1d97a1,zafira,"zfraaulia, kangennn:( kalau pulang kita jalan sekali lagi yaa? 

",6VggIDYOnf9C8fJVcMpxAu,Kangen,Dewa 19,https://i.scdn.co/image/ab67616d0000b27370ea19fd1f517d40b9c01c0d,2024-11-21T17:42:57.770987928+07:00
6739814c48d1613d5f183dce,zafira,semangat terus yaa firaa,4CXBDBTqGsTFVoKhaYuYrt,"Andaikan Kau Datang - From ""Miracle in Cell No. 7""",Andmesh,https://i.scdn.co/image/ab67616d0000b273b4dac8d140f3de41ef2861df,2024-11-17T12:38:20.628218195+07:00
6739807b48d1613d5f183c1c,zafira,lu tau ga lu itu gj,1GCbc1vpkZA2zhjsSFhmHT,Fuck You,Lily Allen,https://i.scdn.co/image/ab67616d0000b2737124b6bf785117033d003590,2024-11-17T12:34:51.59367519+07:00
6739555f48d1613d5f17e5f5,zafira,hai,4sJmv194lQKWjytpaxH1Vj,Separuh Aku,Noah,https://i.scdn.co/image/ab67616d0000b273ef9c61634ef59e7ee439dacc,2024-11-17T09:30:55.476634247+07:00
6738c0dd48d1613d5f174e64,zafira,"Haloo azfa zafiraa, aku suka sama kmu udh dari SD sampai skrg semoga dpt org yg kamu suka yaa",6qL5UWxRSQYml9O99ozoLv,Love Songs - Bonus,Kaash Paige,https://i.scdn.co/image/ab67616d0000b27387a86b99f8dde9c7d7e3bf62,2024-11-16T22:57:17.864830945+07:00
6738869748d1613d5f16a681,zafira,I Loved You,7LVHVU3tWfcxj5aiPFEW4Q,Fix You,Coldplay,https://i.scdn.co/image/ab67616d0000b2734e0362c225863f6ae2432651,2024-11-16T18:48:39.540928857+07:00
6737de4f48d1613d5f1546be,zafira,"woahhhh imissyou fvcking damn much, love",2ezMnGfGww3WSOJp7TwI1N,blue,yung kai,https://i.scdn.co/image/ab67616d0000b2732c78500833c22279f8bef841,2024-11-16T06:50:39.565037836+07:00
6737700248d1613d5f14e6d5,zafira,"Hi, love I remember what day we had, love
happy first monthsary, cari√±o m√≠o.",7zFXmv6vqI4qOt4yGf3jYZ,Get You (feat. Kali Uchis),"Daniel Caesar, Kali Uchis",https://i.scdn.co/image/ab67616d0000b2733138f891f3075c9c5d944037,2024-11-15T23:00:02.917318041+07:00
67375e5248d1613d5f14b414,zafira,"Hi, love. ang ganda mo",3W4U7TEgILGpq0EmquurtH,Old Love,"yuji, putri dahlia",https://i.scdn.co/image/ab67616d0000b2736e0e899970f5868aea8251cb,2024-11-15T21:44:34.791120533+07:00
67373eb748d1613d5f1441f2,zafira,"hai zafiraa , ini aku , orang yg kamu temui di tahun 2023 tepat nya saat kita kelas 7 , disini aku udah ngerelain kamu , tapi di sisi lain aku masih sering inget dan kangen sama masa''  asik kita  dahulu , dan sekarang posisi aku udah di ganti in sama orang baru yg jauh lebih baik dari aku , jaga diri kamu baik'' ya ( opet )
",1YYhDizHx7PnDhAhko6cDS,"Take Me Home, Country Roads - Original Version",John Denver,https://i.scdn.co/image/ab67616d0000b27334fb2b0117a542d515dc78d6,2024-11-15T19:29:43.113137977+07:00
673734cd48d1613d5f141d20,zafira,Rinduu smaa kmuuuüòΩüòΩ,2o9AHYt8uSxS7tPnukrDaI,Bunga Tidur,Tulus,https://i.scdn.co/image/ab67616d0000b2737c52c7f7d1da8625e4376795,2024-11-15T18:47:25.899227689+07:00
673723593c9825b0de2127d2,zafira,Izin kn ku membenci saat kau punya pengganti ku,09eWF5r8kasfOEp8RFRQLv,Serana,For Revenge,https://i.scdn.co/image/ab67616d0000b27366de8f7224e459d2cc0f9a1f,2024-11-15T17:32:57.817879841+07:00
6736f4be3c9825b0de20aca5,zafira,I have crush on you,5o6StwqqVfG3vRLx8UP310,Surat Cinta Untuk Starla,Virgoun,https://i.scdn.co/image/ab67616d0000b273cf6af54752ff67e6ce8f86a1,2024-11-15T14:14:06.475200284+07:00
6735fa3d3c9825b0de1f18e5,zafira,"hai my pren, my bubub, my lup, pir pir, aku minta maaf ya kalo aku keliatan ga pernah excited, bukannya aku ga excited, tapi aku bingung, aku ga pernah Nemu orang yang excited sama aku, aku juga bingung, cara nge treat kamu dengan benar itu gimana, mau ajarin aku? oh ya, kalo kamu ga keberatan, ceritain aja ya ke aku kalo kamu punya masalah?? mungkin aku ga bisa ngasih saran yang cukup baik buat kamu, tapi aku bisa jadi pendengar yang baik buat kamu, kalo kamu mau.. aku sayang banget sama kamu, kamu satu satunya temen yang ga ninggalin aku, ga ngabain aku, ya.. aku harap aku bisa nge treat kamu dengan baik, tolong ajarin aku ya, aku pengen jadi temen yang terbaik buat kamu. Ini yang pengen aku omongin dair kemaren, tapi kalo aku bilang di wa atau pas call, kayaknya aku ga sanggup deh, baca yaaa. 
-your Ara, puki, terserah apapun panggilan lu buat gua",65QnKbugRDVJK6MBdwkKBo,it's ok!,corook,https://i.scdn.co/image/ab67616d0000b2734c8477e435cf410b0aaad3ec,2024-11-14T20:25:17.627493682+07:00
6735ba9c07cffbc4dc7fb321,zafira,galauu,0PtJbtW50jcvvswNPn3QGd,Serana,For Revenge,https://i.scdn.co/image/ab67616d0000b27346f02ffc0922f939ed0fd53f,2024-11-14T15:53:48.729006079+07:00
6734ef6607cffbc4dc7eefbb,zafira,hai zafira sehat-sehat yaa aku lagi nungguin kamu,3TW8XLF8PyA3kFsV1l5713,Mesra-mesraannya kecil-kecilan dulu,Sal Priadi,https://i.scdn.co/image/ab67616d0000b273680f1025f6619c42a3c23864,2024-11-14T01:26:46.798517458+07:00
6734b73e07cffbc4dc7e78f4,zafira,"halo firaaaa atauu harus gw panggil zafi? wkwkwk . oh iya lo udh bisa ngelepasin gw kan(?) skrg malah kebalikannya deh, gw yg suka mikirin lo...entah itu cuma sebatas rindu atau emang sesuatu yg berasal dri hati gw.. gatau deh, intinya sehat sehat disana ya firaa ehh zafii, klo emang semesta ngizinin kita untuk bertemu, mungkin itu akan ada saatnya nanti gatau deh kapan wkwkwk",0c9kI2G2rtBJ9Z2VYLD8k2,Menunggumu,Noah,https://i.scdn.co/image/ab67616d0000b27316b4cae477950bd1a0508f40,2024-11-13T21:27:10.888837424+07:00
6734563107cffbc4dc7d80cc,zafira,kapan balik lagii piraa? ni abdul,7zOVh5fGpEwSbZd0g9z80B,Satu Bulan,Bernadya,https://i.scdn.co/image/ab67616d0000b273cb1e5f7d0942bf9196c1e711,2024-11-13T14:33:05.563953033+07:00
6734532607cffbc4dc7d7c53,zafira,"Hbd zaf wyatb gbu ü•≥ü•≥ü•≥ bukan sekarang sih ultahnya tapi aku ucapin sekarang aja karna nanti pasti aku gaakan ngucapin kamu üôèüèªüôèüèªüôèüèª ya gatau sih mau ngomong apa, eh iya gimana di sekolah barunya? Temen kamu masih posesif ga? Ngeselin aih temen yg kayak gitu teh, hmm makasih udah jadi temen aku üëâüèªüëàüèª dan kamu harus tau ya, waktu kamu kelas 5 kamu teh baperan bangett, sampe kita ber 3 aja kesel hadapin kamu, terus kamu itu dulu egois dan yg paling pentingg kamu teh bareng jeng si husna mulu jadi ya kita ber3 pasti gatau mau ngapain karna kamu udah sama si husna. Eh sorry ya kalo nyakitinn üôèüèªüôèüèªüôèüèª itu unek unek aku pas dulu soalnya, btw SMA mau kemana nih ü´µüèªü§ó ya gitu aja sih yg mau aku omongin bye bye bahagia terus ya di sekolah barunya",670fUmXf4KQekzbEgaXyPA,dorothea,Taylor Swift,https://i.scdn.co/image/ab67616d0000b27333b8541201f1ef38941024be,2024-11-13T14:20:06.077743092+07:00
673357f507cffbc4dc7c23ff,zafira,"YEYET!!!!üòè tau kan kamu, aaku siapa??? Yupsss benarrr pacar yaya eh istri jaemin. Kalo kamu pacar alim dan yeyetüíó, sama istri nya biola, cuma mau bilang..

MAKASIH UDAH JADI... PACAR ALIPPP YAHAHAH KOCAK",79Yv9bQF63YXD5ka5gMm3q,Menanti,JKT48,https://i.scdn.co/image/ab67616d0000b273dcd3a934c5c00bdfc1fd4d5c,2024-11-12T20:28:21.432670967+07:00
6732e87807cffbc4dc7acf36,zafira,"Hi baylotss I missyouu na ang swerte ko for having you in my life you where there during my ups and downs thankyou kse you where there kahit may problems ka rin sa buhay mo you never fail to put a smile in my face everytime everytime na magkasama tayong dalawa and never failed to listen to my rants, boy problems and make me feel na kakampi kita sa lahat at na hindi ako nagiisa. Thank you for all the love and effort. I appreciate you a lot you made me feel the happiest and luckiest person in your life you helped me during my lowest point of my life thank you for checking up on me when i needed it the most and taking out the time out of your day to show me how much you care. Dito ka nalang sakin habang buhay no words could express how much i've been happier having you in my life. You were the color of my coloring book. You completed the puzzle of my life.
i love you so much my sister by heart 
I will forever be grateful to have you in my life 

-alexa",1tC2PLqLeJXt0VlgOYpc6m,Bawat Piyesa,Munimuni,https://i.scdn.co/image/ab67616d0000b273eb2c555e2bc57e190dc11702,2024-11-12T12:32:40.141059527+07:00
67322f7707cffbc4dc79b354,zafira,"please talk to me, i cant lose you :(",2262bWmqomIaJXwCRHr13j,Sailor Song,Gigi Perez,https://i.scdn.co/image/ab67616d0000b273e6065f209e0a01986206bd53,2024-11-11T23:23:19.348326552+07:00
6731e6f107cffbc4dc787b74,zafira,"hii zaff, kalo liat ini aku cmn bilang makasii ya udah baik sm akuuu, aku nyerahhhh, padahal niatku cmn pingin tau km suka aku balik apa ga?",4shaqlcGsXixRSElW318Xa,sad - stripped,LANY,https://i.scdn.co/image/ab67616d0000b2738f870c0a0f3908c1ed46bb83,2024-11-11T18:13:53.233895018+07:00
6731d5a307cffbc4dc780f7f,zafira,Gausah sok asik bisa? ,1GCbc1vpkZA2zhjsSFhmHT,Fuck You,Lily Allen,https://i.scdn.co/image/ab67616d0000b2737124b6bf785117033d003590,2024-11-11T17:00:03.89384734+07:00
67316dade5eeda5ba3fe9562,zafira,kuat,09x9v1o51dbqi5H0u7UGfp,I Will - Remastered 2009,The Beatles,https://i.scdn.co/image/ab67616d0000b2734ce8b4e42588bf18182a1ad2,2024-11-11T09:36:29.324177435+07:00
6730dfeae5eeda5ba3fd46c8,zafira,"hiii zaa, tau gk sih aku rindu waktu kita masih deket, zaa bikin hari""ku gak terasa sepi, walau kita gak saling suka, tapi aku harap kita bisa deket lagi kayak kemarin¬≤, semangat ya jalani hidup kamu, kalau lagi sedih jangan sungkan cerita¬≤ ke aku, kayak dulu wkwkwk, mungkin sekarang udah ada tempat cerita baru yaa? haha semangat yaa bahagia terusss üòÑüòÑ",5h5CQwgjgQrBUacsqR2zR7,A Thousand Years,James Arthur,https://i.scdn.co/image/ab67616d0000b27341b58c028c3ed6035074bdc1,2024-11-10T23:31:38.266092408+07:00
6730dcd1e5eeda5ba3fd347c,zafira,zafira punya nathan,5h5CQwgjgQrBUacsqR2zR7,A Thousand Years,James Arthur,https://i.scdn.co/image/ab67616d0000b27341b58c028c3ed6035074bdc1,2024-11-10T23:18:25.540386387+07:00
6730b9d6e5eeda5ba3fc0efa,zafira,Hy zaf maksih yaüíê,2wAiFWjRupWmnDkQcu91MF,Rumah Ke Rumah,Hindia,https://i.scdn.co/image/ab67616d0000b273d623688488865906052ef96b,2024-11-10T20:49:10.149342236+07:00
6730a6c6e5eeda5ba3fb4eb3,zafira,"halo pira,tau kan ini iciüòÅ,ici cuma mau bilang i still love u,tapi kita emg ndabisa dipaksain lagi hehe,ini paling lagu yang cocok buat ici,sehat"" yaa pira,be happuüòÅ",5h5CQwgjgQrBUacsqR2zR7,A Thousand Years,James Arthur,https://i.scdn.co/image/ab67616d0000b27341b58c028c3ed6035074bdc1,2024-11-10T19:27:50.140292382+07:00
6730a4d6e5eeda5ba3fb3c47,zafira,i love youu syg rorrr,6Ft6nfssjDYmgmXF19poJE,Cupid ‚Äì Twin Ver. (feat. Sabrina Carpenter),"FIFTY FIFTY, Sabrina Carpenter",https://i.scdn.co/image/ab67616d0000b27372d259f38876162373275ed6,2024-11-10T19:19:34.962932913+07:00
673087f7e5eeda5ba3fa3abd,zafira,"hii, how‚Äôs ur day? i‚Äôll always miss u zaf -n",7MYmo0JJJDmu4MZTSAF9y3,On Bended Knee,Boyz II Men,https://i.scdn.co/image/ab67616d0000b2736b3b28022871bae1a5d0f057,2024-11-10T17:16:23.79543405+07:00
67307ef1e5eeda5ba3f9f577,zafira,"I love youu sepuluh juta miliar ratuss zaprakuu jangan pernah capee jadi orang yang super duper ceriaa yaa, akuu sukaa sifat kamu yang selaluu excited sm sesuatu, sukaa kamu yang ekspresif bangetttt kaloo ceritaa, tapi akuu ga suka kalo kamuu tiba tiba murung, aku kadang bingung gimanaa nanggepinnya makanya aku takut kamu cape sama aku. 
iloveyou sekali lagi yaa btw aku ga bisa Inggris"" gitu hehe babayyy sayang",3pCt2wRdBDa2kCisIdHWgF,To the Bone,Pamungkas,https://i.scdn.co/image/ab67616d0000b2738540f1aa50ce035b4e9cdfa7,2024-11-10T16:37:53.988950244+07:00
67305fdee5eeda5ba3f915ac,zafira,Can we go back to the day's our love was strong?,7MYmo0JJJDmu4MZTSAF9y3,On Bended Knee,Boyz II Men,https://i.scdn.co/image/ab67616d0000b2736b3b28022871bae1a5d0f057,2024-11-10T14:25:18.599216685+07:00
6730538be5eeda5ba3f8c51c,zafira,"Hi zaf, sorry sa lahat ng ginawa kong masama sayo uusad nako sa byaheng punong puno ng traffic at ng gulo mag iingat ka palagi always remember that i will always love you forever ",2rrNmVBqgpIIIy72IkXZ3w,Byahe (Hunyo),Kyle Raphael,https://i.scdn.co/image/ab67616d0000b2739bb7d433ac0199b74b8ed76c,2024-11-10T13:32:43.017056947+07:00
673015eee5eeda5ba3f75a3f,zafira,"hay zap,tumbuh lebih baik senang melihat dirimu aktif di dalam kelas haha ,semoga di perjalanan yg panjang ini kamu belum jadi milik siapapun",1fDFHXcykq4iw8Gg7s5hG9,About You,The 1975,https://i.scdn.co/image/ab67616d0000b2731f44db452a68e229650a302c,2024-11-10T09:09:50.981405775+07:00
672f795de5eeda5ba3f54a51,zafira,"i hope u know i miss u so mch, i miss the old us, i want tk back to old class!. to play back together with u. i sorry for all mistakes and i hope u read this masagge ",70C4NyhjD5OZUMzvWZ3njJ,Piano Man,Billy Joel,https://i.scdn.co/image/ab67616d0000b273aff4aef671b2510be7c115b3,2024-11-09T22:01:49.599240349+07:00
672f7359e5eeda5ba3f5130d,zafira,"JANGAN GILA LU JD ORG, KLAU GATAU FAKTA TU DIEM AJA PUQI",1GCbc1vpkZA2zhjsSFhmHT,Fuck You,Lily Allen,https://i.scdn.co/image/ab67616d0000b2737124b6bf785117033d003590,2024-11-09T21:36:09.685678657+07:00
672f6569e5eeda5ba3f490e1,zafira,"I will never finds anyone like your behavior,,,you good,kind and love me that much,,,you just perfect for me,,,but im not a good match for you,,, im sorry i need too leave you for your better life,,,dont stuck with someone like me,,,i just make you hurt more,,,you deserve better,,,i pray for your happiness always my tuttiepie",1fDFHXcykq4iw8Gg7s5hG9,About You,The 1975,https://i.scdn.co/image/ab67616d0000b2731f44db452a68e229650a302c,2024-11-09T20:36:41.458680889+07:00
672f49e5e5eeda5ba3f398be,zafira,"hi zafira,
i know you already tired with everything happening but you have to know that you do your best with that okeee<3",2tGvwE8GcFKwNdAXMnlbfl,happier,Olivia Rodrigo,https://i.scdn.co/image/ab67616d0000b273a91c10fe9472d9bd89802e5a,2024-11-09T18:39:17.033315408+07:00
672f29bde5eeda5ba3f28f9d,zafira,"i miss the old us, where is us now?",39P5lUJ1zfhFqNRymvQBnH,Losing Us.,raissa anggiani,https://i.scdn.co/image/ab67616d0000b273beea7316cbf31c4703f89a61,2024-11-09T16:22:05.568620851+07:00
672f22f3e5eeda5ba3f2608a,zafira,"hai zafira,disini aku mau nge khususin buat zafira adisni,haii kamuu anak baikk,anak syantikk nyaa unnaaa,timakasi ya mau baik ke aku,mau dengerin cerita aku meskipun gajelas,makasiiiiii banget,kamu kalo cape ke aku ajaa yaaa,teruss kalo ada yang jahat ke kamu banting ajaaa,oke deh gitu aja,ily.",6F1k53k4zbTYUHjmBR8ZYn,Abadi - Indo Version,Dendi Nata,https://i.scdn.co/image/ab67616d0000b2730e64a4865cfd17c311b3071f,2024-11-09T15:53:07.808522666+07:00
672e58d3e5eeda5ba3ef61fc,zafira,kisah,6VggIDYOnf9C8fJVcMpxAu,Kangen,Dewa 19,https://i.scdn.co/image/ab67616d0000b27370ea19fd1f517d40b9c01c0d,2024-11-09T01:30:43.502994311+07:00
672e0af8e5eeda5ba3ed525b,zafira,I admire u ng 3 yrs simula bff mo. haha hindi mo man lang nagawang bigyan ako ng chance be ur bf that time. but I know u happy because u have special person. I'm rooting for u and always here na nag admire sayo from a far (j),7zFXmv6vqI4qOt4yGf3jYZ,Get You (feat. Kali Uchis),"Daniel Caesar, Kali Uchis",https://i.scdn.co/image/ab67616d0000b2733138f891f3075c9c5d944037,2024-11-08T19:58:32.834076424+07:00
672de1f4e5eeda5ba3ebf4e5,zafira,let me be ur boyfriend bu po‚Ä¶üïå‚õ™Ô∏è,22bPsP2jCgbLUvh82U0Z3M,The Way I Loved You (Taylor‚Äôs Version),Taylor Swift,https://i.scdn.co/image/ab67616d0000b273a48964b5d9a3d6968ae3e0de,2024-11-08T17:03:32.200728272+07:00
672ddfa1e5eeda5ba3ebe4f7,zafira,"Heyy japioo, how's life? hope every step u take is happiness u made. In another life? Maybe? Mungkin kalo kamu iseng buka ini, bakal bisa tebak lahh yaa aku siapa. Still can't believe u run out from my life :( same with ur fav song, i still wanna hold u tight. di waktu hubungan kita berakhir atau mungkin hingga saat ini, kamu tetap menjadi orang terhebat yang pernah kuliat, proud of u every single day. fighting!! u must got ur dirgantara zaf 
",4dtmj7X21gunWoQf98hW5L,W.H.U.T,Aisha Retno,https://i.scdn.co/image/ab67616d0000b2734f5c424a659a817e92b9f96a,2024-11-08T16:53:37.294259273+07:00
672d7436e5eeda5ba3e9de78,zafira,"to : perempuan fh yg luar biasa
 i like u,  a woman who always give a smile to everyone, and have a beautiful smile. i hope we can talk to each other in fh KEREN BU PO",4UwqOWDpdeIDVQDuKT6iza,You Are In Love (Taylor's Version),Taylor Swift,https://i.scdn.co/image/ab67616d0000b273904445d70d04eb24d6bb79ac,2024-11-08T09:15:18.050157965+07:00
672d5de9e5eeda5ba3e98ef7,zafira,Semangat,4UwqOWDpdeIDVQDuKT6iza,You Are In Love (Taylor's Version),Taylor Swift,https://i.scdn.co/image/ab67616d0000b273904445d70d04eb24d6bb79ac,2024-11-08T07:40:09.975692531+07:00
672d5309e5eeda5ba3e97046,zafira,"hi, ur birthday is coming. I hope u enjoy ur day even u have school. And also I hope u appreciate something I want to give to u it's small thing lang kasi ayaw mo din ng expensive haha (hulaan mo) basta happy birthday bianca^^ -j-",2o1pb13quMReXZqE7jWsgq,intro (end of the world),Ariana Grande,https://i.scdn.co/image/ab67616d0000b2738b58d20f1b77295730db15b4,2024-11-08T06:53:45.429421253+07:00
672cc7bae5eeda5ba3e71018,zafira,"untuk lo pada semua yang namanya zafira, asal lo tau gua puncak nama zafira, dan gua ori lu semua cuma npc",2EDuxTLWcKf4xitJnM9grN,I Hate U,SZA,https://i.scdn.co/image/ab67616d0000b2730c471c36970b9406233842a5,2024-11-07T20:59:22.025671118+07:00
672c9954e5eeda5ba3e4bf85,zafira,"Hii babyyyy zafffzafff kooo i just want to say na super duper ultra thank youuu dahill lgii kaa nanjan saknn hihii, sorry po baby if lgi ako makulit hehe btw i missssss youuuuuuuu bebiii kooo mwaaaaa",6H67gFuycHyTOROX2M4bbs,bad,wave to earth,https://i.scdn.co/image/ab67616d0000b27324f8c3ad20b7c6cfecb5832e,2024-11-07T17:41:24.28504334+07:00
672c8431e5eeda5ba3e400a6,zafira,"hei, i hope we meet in another place ya! even i block u after 2 years and unblock u again, idk that i still want to talk to u. anw happy birthday ya!",1Mza2sr6tPhy6jjI3HB9fW,Hold Me Down,Daniel Caesar,https://i.scdn.co/image/ab67616d0000b2733138f891f3075c9c5d944037,2024-11-07T16:11:13.365382771+07:00
672c81e7e5eeda5ba3e3ee86,zafira,moyaa i'll love and choose you over.. aku sayang gilaa kat kauu pls remember me when you saw pinky thingsss mwah,7F4tV8SiUy6itZTdAzdafO,penjaga hati,Nadhif Basalamah,https://i.scdn.co/image/ab67616d0000b2735c60335b52110564cbe57176,2024-11-07T16:01:27.581917237+07:00
672c4195e5eeda5ba3e25b91,zafira,hope something good happens youüêà ,2btKtacOXuMtC9WjcNRvAA,ILYSB,LANY,https://i.scdn.co/image/ab67616d0000b2734011de7822423ed7557c3c81,2024-11-07T11:27:01.639525948+07:00
672b82f8e5eeda5ba3df91e7,zafira,"t's been a while right, ra?",38xWaVFKaxZlMFvzNff2aW,Breakeven,The Script,https://i.scdn.co/image/ab67616d0000b273b526ba531c80ed208cd428ed,2024-11-06T21:53:44.271571434+07:00
672b738ce5eeda5ba3de9c03,zafira,"Zaf, i know things have been really tough for you, but thank you for not giving up. I am so happy that you are here with me.. you have no idea just how proud and grateful I am of you. Zaf, I love you so much.. anyone who knows you for who you are will fall in love with you, just like i do. You are so lovable, so kind, and the biggest sweetheart. How come do you not realize it? Maybe if you meet yourself in someone else someday, you will finally understand how i feel. With such endless reasons for me to love you, I want to make you the happiest.. will you let me? Please, give me a chance. ",7rdnB5DAyPbaj51TCQRcqW,It's You,Sezairi,https://i.scdn.co/image/ab67616d0000b273bfce1a810186eb68c3b87d74,2024-11-06T20:47:56.536616537+07:00
672b7091e5eeda5ba3de68a6,zafira,you're the best thing I never planned in my life loml.,68HocO7fx9z0MgDU0ZPHro,Every Summertime,NIKI,https://i.scdn.co/image/ab67616d0000b273e81fd3b9a7230db447f38182,2024-11-06T20:35:13.622981435+07:00
672b511ee5eeda5ba3dc67f1,zafira,"hi piaa gadis cantikk 
-belitang",2UgCs0i0rNHUH2jKE5NZHE,Sempurna,Andra & The Backbone,https://i.scdn.co/image/ab67616d0000b2730df7dec70511dd4f2e69dc34,2024-11-06T18:21:02.594942413+07:00
672aca72515af0a9b5e84c30,zafira,Wee angelincing taek,1GCbc1vpkZA2zhjsSFhmHT,Fuck You,Lily Allen,https://i.scdn.co/image/ab67616d0000b2737124b6bf785117033d003590,2024-11-06T08:46:26.05951918+07:00
672a960a697dc040a0177371,zafira,Zazaff aku kangen kamu gamau balik lagi ke aku?,6VggIDYOnf9C8fJVcMpxAu,Kangen,Dewa 19,https://i.scdn.co/image/ab67616d0000b27370ea19fd1f517d40b9c01c0d,2024-11-06T05:02:50.262109707+07:00
672a53cbf66fc683a165b125,zafira,"you always let out my clingy side that i have never even shown to anyone, but you",2ezMnGfGww3WSOJp7TwI1N,blue,yung kai,https://i.scdn.co/image/ab67616d0000b2732c78500833c22279f8bef841,2024-11-06T00:20:11.999561881+07:00
6729fb91d1bdcae69addef9e,zafira,Uujn,2plbrEY59IikOBgBGLjaoe,Die With A Smile,"Lady Gaga, Bruno Mars",https://i.scdn.co/image/ab67616d0000b27382ea2e9e1858aa012c57cd45,2024-11-05T18:03:45.096997029+07:00
6729de2dd1bdcae69ada76b0,zafira,Hi babalik ka pa ba alagaan mo yang binigay ko sayo nong Christmas party - K,55eWkBMyr3bAHVVE1SLmDE,Ikot,Over October,https://i.scdn.co/image/ab67616d0000b273d0a3b5902f672bb3e63cbee5,2024-11-05T15:58:21.276964535+07:00
6729da66d1bdcae69ada15e9,zafira,baik selalu,7tA0w80CHY97UKFNl8qyil,Long For Your Love,David Young,https://i.scdn.co/image/ab67616d0000b273be85e65f4fd3f8637642308c,2024-11-05T15:42:14.746561336+07:00
6729c7acd1bdcae69ad87bb1,zafira, ,09x9v1o51dbqi5H0u7UGfp,I Will - Remastered 2009,The Beatles,https://i.scdn.co/image/ab67616d0000b2734ce8b4e42588bf18182a1ad2,2024-11-05T14:22:20.691613068+07:00
6729c28ed1bdcae69ad8191f,zafira,"Takut bgt loch sama pentolan PR ini, lo fikir lo keren?",71BqAINEnezjQfxE4VuJfq,"""Slut!"" (Taylor's Version) (From The Vault)",Taylor Swift,https://i.scdn.co/image/ab67616d0000b273904445d70d04eb24d6bb79ac,2024-11-05T14:00:30.176059114+07:00
6729b51dd1bdcae69ad72240,zafira,Aku cape banget beneran sama semuanya ,5cQX9BexkPIEESTZijJhXg,i wish i hated you,Ariana Grande,https://i.scdn.co/image/ab67616d0000b2738b58d20f1b77295730db15b4,2024-11-05T13:03:09.019252994+07:00
672984f0d1bdcae69ad41bac,zafira,Hai,4t9R5rbtovdvya28uMODDz,Toronto 2014 (with Mustafa),"Daniel Caesar, Mustafa",https://i.scdn.co/image/ab67616d0000b2737c68face1dc58127f3a7b1cc,2024-11-05T09:37:36.007183544+07:00
672979a6d1bdcae69ad3758e,zafira,"pira, lop yu ",04IXeEjiQ4kdS7JJF9pjxT,Kekal,Nadin Amizah,https://i.scdn.co/image/ab67616d0000b27394847679fe7b10e27d9803f5,2024-11-05T08:49:26.029266995+07:00
67297408d1bdcae69ad324f6,zafira,aa,0IktbUcnAGrvD03AWnz3Q8,Lucky,"Jason Mraz, Colbie Caillat",https://i.scdn.co/image/ab67616d0000b273125b1a330b6f6100ab19dbed,2024-11-05T08:25:28.394994401+07:00
672970edd1bdcae69ad2fb1e,zafira,apa ya,7rdnB5DAyPbaj51TCQRcqW,It's You,Sezairi,https://i.scdn.co/image/ab67616d0000b273bfce1a810186eb68c3b87d74,2024-11-05T08:12:13.857611039+07:00
6729673ad1bdcae69ad28402,zafira,bamong,7dkpR6xV6OMmBO49NbpGCp,Cantik,Kahitna,https://i.scdn.co/image/ab67616d0000b27343e205e1a38e1719c1b4e36e,2024-11-05T07:30:50.969810186+07:00
672946ead1bdcae69ad13182,zafira,"It's a bit pathetic that you had moved on and I didn't, I'm sorry for being egotistical, it was never my intention. ‚Äì",5vFuoZLvUmAzzIiLSEhk0K,forget her,girl in red,https://i.scdn.co/image/ab67616d0000b273d6839051c4760457e1a60b2a,2024-11-05T05:12:58.591845143+07:00
672945d5d1bdcae69ad12723,zafira,Hi babalik kapa ba pakialagaan yong binigay ko sayo nong Christmas -k,55eWkBMyr3bAHVVE1SLmDE,Ikot,Over October,https://i.scdn.co/image/ab67616d0000b273d0a3b5902f672bb3e63cbee5,2024-11-05T05:08:21.574805557+07:00
67293450d1bdcae69ad0b4da,zafira,you very cute ,7zFXmv6vqI4qOt4yGf3jYZ,Get You (feat. Kali Uchis),"Daniel Caesar, Kali Uchis",https://i.scdn.co/image/ab67616d0000b2733138f891f3075c9c5d944037,2024-11-05T03:53:36.637559686+07:00
672917516ee24e2220076040,zafira,you are strong,0vB4Vd6PtkJSEnWsmqATnZ,Nothing's Gonna Change My Love for You,George Benson,https://i.scdn.co/image/ab67616d0000b273e71efa8c6cfc1f8b39b0bdab,2024-11-05T01:49:53.29819657+07:00
6728fc3d9fa812fb705b4074,zafira,"halooo maaff yaa kalo aku ada bikin kamu sakit hatiiii <33 maaf bangett kalo aku ada bikin salah sama kamu , semoga kita baik-baik ajaa yaa kurangin nangis malem¬≤ kurangin juga ngerasa diri gaberguna  jangan galau lagi jugaa , maaffin aku yaaa",2UgCs0i0rNHUH2jKE5NZHE,Sempurna,Andra & The Backbone,https://i.scdn.co/image/ab67616d0000b2730df7dec70511dd4f2e69dc34,2024-11-04T23:54:21.353299177+07:00
6728f4e89fa812fb705ac29e,zafira,"to you, thankyou for being amazing throughout we be friend, thank you for all the memories that we create, I'm here cheer for your succes, may we met in the best version of us. Sorry and thankyou - LQ",46kspZSY3aKmwQe7O77fCC,we can't be friends (wait for your love),Ariana Grande,https://i.scdn.co/image/ab67616d0000b273c75a14e746ffe2030e8cd5da,2024-11-04T23:23:04.252716149+07:00
6728df779fa812fb7058a1be,zafira,"I will always love you today, yesterday or tomorrow terimakasih telah menumbuhkan rasa cinta ini karna kamu, dunia yng datar ini penuh dengan berwarna and i have crush on you 
- Pengagum di balik layar",1fDFHXcykq4iw8Gg7s5hG9,About You,The 1975,https://i.scdn.co/image/ab67616d0000b2731f44db452a68e229650a302c,2024-11-04T21:51:35.650115705+07:00
6728ba944131ddde77068d2a,zafira,"I miss the old us , firaa ayo main kya dlu lagii !",5DqSZFvWvSWg5eyCDi0CuW,Kita Ke Sana,Hindia,https://i.scdn.co/image/ab67616d0000b27349bdf0e981cbba25d48b44e0,2024-11-04T19:14:12.923544704+07:00
6728ba524131ddde770682c3,zafira,I love you,5XeFesFbtLpXzIVDNQP22n,I Wanna Be Yours,Arctic Monkeys,https://i.scdn.co/image/ab67616d0000b2734ae1c4c5c45aabe565499163,2024-11-04T19:13:06.14156473+07:00
6728b1fc617714907fb2a1a9,zafira,"hi, nak. sorry. sorry kasi nung tinanong mo ko kung gusto ko ba sya nagsinungaling ako kasi gusto ko maging masaya ka, na sayo sya mapunta. pero tangina hindi e, when he ghosted you nagsabi sya sakin na hindi nya raw talaga kaya ibalik nararamdaman mo sa kanya. yung paghanga nya raw sayo dahil mabait ka ay yun na yon, next na nangyari non he courted me. zaf, im sorry. hindi ko rin mapigilan kasi isang taon ko na rin syang mahal, pwede bang ako naman? ",3QaPy1KgI7nu9FJEQUgn6h,WILDFLOWER,Billie Eilish,https://i.scdn.co/image/ab67616d0000b27371d62ea7ea8a5be92d3c1f62,2024-11-04T18:37:32.08177383+07:00
6728a864387f118e1f4b8f3c,zafira,lu ga kangen gua apa ?,6VggIDYOnf9C8fJVcMpxAu,Kangen,Dewa 19,https://i.scdn.co/image/ab67616d0000b27370ea19fd1f517d40b9c01c0d,2024-11-04T17:56:36.232281289+07:00
6728a856387f118e1f4b8ccf,zafira,"sehat sehat yaaa, jaga diri yang baikk dan bahagiaa selalu",1DNXCTUHCGcr9kJ6LynYEC,'Cause You Have To,LANY,https://i.scdn.co/image/ab67616d0000b2737074846d85b6ff52e66dcc0c,2024-11-04T17:56:22.728553272+07:00
672898f176445d316134f4c0,zafira,kalo bosan jangan cari drama mending turu,6H67gFuycHyTOROX2M4bbs,bad,wave to earth,https://i.scdn.co/image/ab67616d0000b27324f8c3ad20b7c6cfecb5832e,2024-11-04T16:50:41.405966703+07:00
67288fa34fc1bab7b02ba365,zafira,Haii,5JESuE80fvausWHjcT9QVh,Aku Milikmu,Dewa 19,https://i.scdn.co/image/ab67616d0000b273bfc7fa507f4bc822cabe7bde,2024-11-04T16:10:59.292635221+07:00
672867c44ccc83f8dc05a1b1,zafira,"hai afirr, pasti kamu kenal aku, aku sebenernya pengen balikan sama kamu, tapi aku malu + takut banget wkwk, gatau mau ngomong apalagi bingung, intinya pengen balikann :P",6VggIDYOnf9C8fJVcMpxAu,Kangen,Dewa 19,https://i.scdn.co/image/ab67616d0000b27370ea19fd1f517d40b9c01c0d,2024-11-04T13:20:52.097049705+07:00
67284a12cbcff4dd9b6781e3,zafira,"Hai fir, tolong jangan terlalu overthinking sama banyak hal. aku tau kamu pasti bisa ngelewatin hal yang sulit sekalipun.",4RVwu0g32PAqgUiJoXsdF8,Happier Than Ever,Billie Eilish,https://i.scdn.co/image/ab67616d0000b2732a038d3bf875d23e4aeaa84e,2024-11-04T11:14:10.772336034+07:00
67284995cbcff4dd9b677981,zafira,yang kuat ya,4SqWKzw0CbA05TGszDgMlc,I Love You So,The Walters,https://i.scdn.co/image/ab67616d0000b2739214ff0109a0e062f8a6cf0f,2024-11-04T11:12:05.416645771+07:00
67283729cbcff4dd9b6653c3,zafira,Zafiraaa aku kangen kamu ,670fUmXf4KQekzbEgaXyPA,dorothea,Taylor Swift,https://i.scdn.co/image/ab67616d0000b27333b8541201f1ef38941024be,2024-11-04T09:53:29.600397796+07:00
67281e8ccbcff4dd9b650483,zafira,"aku suka kamu tapi malu mau dm kmu
love you more semoga harimu baik-baik saja",0W0iAC1VGlB82PI6elxFYf,Guilty as Sin?,Taylor Swift,https://i.scdn.co/image/ab67616d0000b2735076e4160d018e378f488c33,2024-11-04T08:08:28.00555793+07:00
67281bd5cbcff4dd9b64e8d1,zafira,"lo lucu, imut. semangat terus ya untuk jalanin hari hari ya",736PP5LTtREkDgktNmX3Gu,Superpowers,Daniel Caesar,https://i.scdn.co/image/ab67616d0000b2737c68face1dc58127f3a7b1cc,2024-11-04T07:56:53.792433367+07:00
67280c41cbcff4dd9b6461e9,zafira,"zafirauu ya udah jadi temen baik aku, temen cerita aku dulu, semoga kamu disana tetep bahagia dan sehat selalu ya, miss the old us",670fUmXf4KQekzbEgaXyPA,dorothea,Taylor Swift,https://i.scdn.co/image/ab67616d0000b27333b8541201f1ef38941024be,2024-11-04T06:50:25.551873739+07:00
672807f7cbcff4dd9b643fce,zafira,hii aku suka kamu,1ZPVEo8RfmrEz8YAD5n6rW,Lantas,Juicy Luicy,https://i.scdn.co/image/ab67616d0000b273b1d3ef29ee15a18842973471,2024-11-04T06:32:07.201273805+07:00
6727a34ecbcff4dd9b6150a6,zafira,"CANTIKKUUU GEMESSS MASYAALLAHH bahagiaaa selalu sayanggg, semogaa impian kamu masuk ke psikologi terkabulkan aamiinn, LANGGENGG TERUSSS SAMA PACAR KAMUU, KALIAN GEMES GEMES GEMES BANGET POKOKNYAAAA. thank you being my frienddd meskipun kita ketemy di rp deh hehee, tapii aku bersyukurrrr bangeeett !!!! besok kalau udah gede kita hangout barengg yahh aamiinn.ü§çü§ç",4SqWKzw0CbA05TGszDgMlc,I Love You So,The Walters,https://i.scdn.co/image/ab67616d0000b2739214ff0109a0e062f8a6cf0f,2024-11-03T23:22:38.246880597+07:00
67279ae6cbcff4dd9b60643a,zafira,:),51lPx6ZCSalL2kvSrDUyJc,You're Gonna Live Forever in Me,John Mayer,https://i.scdn.co/image/ab67616d0000b273c6bfaf942ed981d5c4c922e4,2024-11-03T22:46:46.731063015+07:00
67277cdf52464e5d96456adc,zafira,"hai zafirauu, thankyouu sdh jd tmnku di kota orangg dan sllu simpankan kursi diklssüòçü´∞üèªBtw Kali nolnya dibawa zntaii aja broudi",1UlhrRvYzbHEyugEDspXUB,Clara Bow,Taylor Swift,https://i.scdn.co/image/ab67616d0000b2735076e4160d018e378f488c33,2024-11-03T20:38:39.890867207+07:00
6727704052464e5d9643a9ad,zafira,kamuuu lucuu banget ,1w3azB0VuRFp79AduIwrIy,P.S. I LOVE YOU,Paul Partohap,https://i.scdn.co/image/ab67616d0000b27303769726e96538c554af7c61,2024-11-03T19:44:48.566556004+07:00
672762dc857568cba88202ac,zafira,"i wanna talk to you abt everything, like why did u leave me? ",1DNXCTUHCGcr9kJ6LynYEC,'Cause You Have To,LANY,https://i.scdn.co/image/ab67616d0000b2737074846d85b6ff52e66dcc0c,2024-11-03T18:47:40.530363361+07:00
672761d9857568cba881e7aa,zafira,"Hi babuuu, i really miss you naaa. I hope you‚Äôre doing fine now, keep smiling! I still think of you i hope yk that. Take care always. Miss u",68FHdrL6dbruEBrfLjR52a,Paths,NIKI,https://i.scdn.co/image/ab67616d0000b2734d3d3963c551df56736050f1,2024-11-03T18:43:21.406759371+07:00
672730c3857568cba87eb1cf,zafira,"I don't like when I'm desperately trying to get your answer, loving you is a sin that I've been committing for more than three years.",5vFuoZLvUmAzzIiLSEhk0K,forget her,girl in red,https://i.scdn.co/image/ab67616d0000b273d6839051c4760457e1a60b2a,2024-11-03T15:13:55.271190382+07:00
6727291c857568cba87e630c,zafira,do you still think about me? Do anything ever reminds me of you? I'm clinging to the last piece of hope and yet you remain unfazed.,7FHj19QQigvMH1onMYRNLn,I Want You,Mitski,https://i.scdn.co/image/ab67616d0000b27334b5e51adeea6f1aa2285ce3,2024-11-03T14:41:16.857289431+07:00
67272666857568cba87e44bb,zafira,"My first friend, ever since i moved in into laguna. I missed you... also our friendship too. Ever since we stopped talking, i felt so sad... and I'm always thinking about you.. thinking if you're doing well, and happy. I can tell that you're already happy with your new cof though... please always remember that I'm still here, whenever you need someone... and i will always be your one call away friend in everything... if everyone, even the world become mean to you. I hope that everytime when you think of something that i like/want, i hope you think of me. Happy birthday! And i wish you the best as always. (:
-G",5VBjyOQzqlPNgdRPMM6prF,seasons,wave to earth,https://i.scdn.co/image/ab67616d0000b2733f203b8d0d8e54fab416a825,2024-11-03T14:29:42.969640771+07:00
67271aa5857568cba87dc656,zafira,"Even though you don't know that I love you, I still love you",1Mza2sr6tPhy6jjI3HB9fW,Hold Me Down,Daniel Caesar,https://i.scdn.co/image/ab67616d0000b2733138f891f3075c9c5d944037,2024-11-03T13:39:33.051035623+07:00
67270d0e857568cba87d4514,zafira,"I wish I can approach you but I don't deserve you, I'm just a loser",5hc71nKsUgtwQ3z52KEKQk,Somebody Else,The 1975,https://i.scdn.co/image/ab67616d0000b273d3de03550f715df1ea7e0c08,2024-11-03T12:41:34.69050512+07:00
67270853857568cba87d1e00,zafira,ygg,5TTGoX70AFrTvuEtqHK37S,No. 1 Party Anthem,Arctic Monkeys,https://i.scdn.co/image/ab67616d0000b2734ae1c4c5c45aabe565499163,2024-11-03T12:21:23.065597169+07:00
